,GLD,GLD,GLD,GLD,GLD,IWB,IWB,IWB,IWB,IWB,VOO,VOO,VOO,VOO,VOO,VTI,VTI,VTI,VTI,VTI,GDX,GDX,GDX,GDX,GDX,SPY,SPY,SPY,SPY,SPY,IVV,IVV,IVV,IVV,IVV,XLF,XLF,XLF,XLF,XLF,QQQ,QQQ,QQQ,QQQ,QQQ,EEM,EEM,EEM,EEM,EEM
,Open,High,Low,Close,Volume,Open,High,Low,Close,Volume,Open,High,Low,Close,Volume,Open,High,Low,Close,Volume,Open,High,Low,Close,Volume,Open,High,Low,Close,Volume,Open,High,Low,Close,Volume,Open,High,Low,Close,Volume,Open,High,Low,Close,Volume,Open,High,Low,Close,Volume
Date,,,,,,,,,,,,,,,,,,,,,,,,,,,,,,,,,,,,,,,,,,,,,,,,,,
2020-01-02,143.86000061035156,144.2100067138672,143.39999389648438,143.9499969482422,7733800,178.28940185928522,178.9656524658203,177.7523922617385,178.9656524658203,689800,295.9009098728459,297.0554933745048,294.9553366333457,297.025634765625,3142400,163.8660000894394,164.16452026367188,162.97045475010873,164.16452026367188,3291100,29.6200008392334,29.719999313354492,29.110000610351562,29.350000381469727,40709100,321.6486136423854,322.99072769361953,320.6445083314546,322.9708251953125,59151200,322.95649424033405,324.28814697265625,321.93290883942296,324.28814697265625,4070500,30.630269214038265,30.81867218017578,30.541025803305292,30.81867218017578,28843300,213.94406559188775,215.70033264160156,213.52496056220807,215.70033264160156,30969400,45.36000061035156,45.779998779296875,45.349998474121094,45.779998779296875,78570100
2020-01-03,145.75,146.32000732421875,145.39999389648438,145.86000061035156,12272800,177.0164785016795,178.40873686954188,177.0164785016795,177.8319549560547,879800,293.8405509311272,295.9705357336322,293.6613992923614,294.85577392578125,3247900,162.4828844546063,163.65705985280317,162.2042696516514,163.11972045898438,3625400,29.850000381469727,29.8700008392334,29.010000228881836,29.170000076293945,47399500,319.2825453694021,321.74805854423687,319.2228985484862,320.5252380371094,77709700,320.52173346821564,323.0359789569511,320.5018689181376,321.79376220703125,4290400,30.422034423247005,30.620351633444933,30.332791016699048,30.491445541381836,51363600,212.84641477896247,215.0117983876296,212.8264530461324,213.7245330810547,27518900,45.029998779296875,45.2599983215332,44.90999984741211,44.93000030517578,78998200
2020-01-06,148.44000244140625,148.47999572753906,146.9499969482422,147.38999938964844,14403300,176.73801939457041,178.4882891511929,176.26067585630565,178.44851684570312,672700,293.0442998802456,296.03028201306864,292.9746196738176,295.9606018066406,2777100,162.11470916221796,163.706806676608,162.0251576626674,163.6769561767578,6813800,29.75,29.790000915527344,29.010000228881836,29.219999313354492,45483100,318.61643719461443,321.83751710312885,318.4871923075921,321.748046875,55653900,319.88573916642696,323.11550276573075,319.7764083204281,323.0657958984375,4212000,30.213800748801543,30.491447127090996,30.20388460407929,30.471614837646484,27956100,212.03814456255773,215.13154326312807,211.78867618865652,215.1016082763672,21655300,44.599998474121094,44.869998931884766,44.59000015258789,44.81999969482422,40085300
2020-01-07,147.57000732421875,148.13999938964844,147.42999267578125,147.97000122070312,7978500,178.15017583358966,178.40873376183796,177.71260459003264,178.02088928222656,1196900,295.433093155097,295.8809722707157,294.67663459318675,295.1444396972656,2251800,163.45803728285387,163.64710056491055,162.9704538282533,163.28887939453125,2498400,29.209999084472656,29.520000457763672,29.020000457763672,29.5,39181100,321.1316361069842,321.6486156393896,320.35619714755046,320.8433532714844,40496400,322.43969590008555,322.9465300185133,321.63474190467457,322.18133544921875,3632500,30.40220244959888,30.45178127983389,30.273296356201175,30.273296356201172,39627500,215.18143722438944,215.68037396579513,214.3931238725585,215.07167053222656,22139300,44.790000915527344,44.900001525878906,44.689998626708984,44.790000915527344,65705300
2020-01-08,148.49000549316406,148.61000061035156,146.13999938964844,146.86000061035156,22248500,178.0805747733165,179.64189201219423,177.98112124304072,178.90597534179688,1046200,295.32359923057504,297.9114566759754,295.08473036253235,296.66729736328125,3719500,163.38838188933468,164.73171512254828,163.22916910045348,164.09487915039062,4244800,29.3700008392334,29.43000030517578,28.1200008392334,28.350000381469727,94319100,321.05213178930404,323.87552583048983,320.7837211008054,322.5533142089844,68296000,322.3602272968443,325.17259273537417,322.0918890634203,323.8210754394531,3912100,30.30304415999061,30.640185515302367,30.30304415999061,30.471614837646484,47966600,215.0417320338733,217.67611737641795,214.70245870958016,216.68821716308594,26397300,44.72999954223633,45.29999923706055,44.689998626708984,45.04999923706055,86913300
2020-01-09,146.07000732421875,146.41000366210938,145.44000244140625,146.02999877929688,10292300,179.9601356737024,180.16896684823882,179.50267066725348,180.0794677734375,749400,298.3294894801553,298.78733157446914,297.69246537069137,298.7176513671875,2168500,164.99041920941514,165.15957709839714,164.54264654053733,165.11978149414062,2216900,28.110000610351562,28.420000076293945,28.0,28.040000915527344,60554600,324.2532916998306,324.8199667951694,323.6170185389222,324.74041748046875,48473300,325.55022745984127,326.12663302057297,324.9042808094139,326.0073547363281,2964600,30.689765446948893,30.71951198903681,30.57077360466371,30.660017013549805,27705300,218.4744257896656,218.94342755119175,217.24704565217905,218.52432250976562,23547000,45.47999954223633,45.47999954223633,45.2599983215332,45.349998474121094,53199900
2020-01-10,146.22000122070312,146.99000549316406,146.1699981689453,146.91000366210938,6183300,180.55681049796254,180.55681049796254,179.36344398278635,179.5822296142578,1118300,299.33475948203306,299.4541939127995,297.39388923211413,297.8616943359375,3666800,165.43819972752746,165.47801051703954,164.38344155596914,164.6421661376953,4023000,28.149999618530273,28.559999465942383,28.1200008392334,28.450000762939453,38632800,325.37668859726557,325.54567779638796,323.29891026658385,323.805908203125,53029300,326.6831539923137,326.8520784937549,324.5862762626641,325.1030578613281,3494600,30.679849461840348,30.689765606358215,30.39228694475567,30.43195152282715,33458200,219.38249363788879,219.40244014479327,217.57632982451588,217.9654998779297,21898500,45.63999938964844,45.77000045776367,45.529998779296875,45.59000015258789,67573300
2020-01-13,146.35000610351562,146.3800048828125,145.77999877929688,145.82000732421875,7593800,180.01979122646003,180.92475155414655,179.7612181261401,180.88497924804688,1590600,298.5086558497522,299.91207118361916,298.080672341015,299.8324279785156,2728000,165.17949095601412,165.80638183458504,164.7018677636288,165.76657104492188,3997100,28.31999969482422,28.31999969482422,27.75,27.770000457763672,48710300,324.4819590037843,326.0427578240484,324.01470538086886,326.0328369140625,47086800,325.82846963271624,327.3787536621094,325.32163550972206,327.3787536621094,3588100,30.50136216401866,30.66993283555213,30.422034900432973,30.64018440246582,27542700,218.8635981065992,220.5100833025309,218.51433628863,220.4801483154297,22756900,45.90999984741211,46.31999969482422,45.810001373291016,46.29999923706055,79593800
2020-01-14,145.4199981689453,145.80999755859375,145.0800018310547,145.69000244140625,6589700,180.71593084352168,181.3325002578312,180.36785865348838,180.73582458496094,839300,299.484080249998,300.49930327752696,298.9167363338868,299.4342956542969,2620100,165.7267731066091,166.2939477927043,165.34864652696746,165.67701721191406,3062000,27.709999084472656,28.309999465942383,27.68000030517578,28.260000228881836,56949000,325.5556387611188,326.6989098886901,324.92931683458477,325.5357666015625,62832800,326.8520533652708,328.0147815453154,326.0669639159682,326.8719482421875,4298700,30.64018536063311,30.818672182110255,30.54102580522234,30.580690383911133,37575400,220.37037788265445,220.7396014278754,219.27272617943234,219.61199951171875,24418100,46.029998779296875,46.06999969482422,45.81999969482422,46.040000915527344,75746900
2020-01-15,146.2100067138672,146.72999572753906,145.82000732421875,146.5399932861328,6510000,180.60653037448103,181.60100496160453,180.57669735082555,181.06399536132812,558400,299.40442446081397,300.88745252569197,299.2849900361232,300.1011657714844,2822300,165.67701438226086,166.57255973800733,165.59740798878187,166.08499145507812,2479200,28.389999389648438,28.8700008392334,28.170000076293945,28.790000915527344,50472900,325.43633757024367,327.09655786030925,325.34686734555515,326.27142333984375,72056600,326.7626168986263,328.43214886901893,326.6632334968646,327.6073303222656,4405100,30.431951200568886,30.531110753386354,30.312959358925696,30.412118911743164,41457300,219.7317324709931,220.72960592928675,218.98332737727287,219.70179748535156,25742100,45.869998931884766,45.91999816894531,45.61000061035156,45.68000030517578,60620600
2020-01-16,146.27000427246094,146.47000122070312,145.75999450683594,146.30999755859375,6069100,181.90929015963843,182.60541933765776,181.83968482907548,182.58554077148438,941500,301.5245022345147,302.61936851214216,301.29556598442514,302.6094055175781,2582600,166.88104362301385,167.5377698117683,166.78153183328604,167.50791931152344,2205600,28.600000381469727,28.709999084472656,28.360000610351562,28.670000076293945,37967100,327.77260447065987,328.9854736328125,327.52406595660545,328.9854736328125,54050300,329.1079393983056,330.33026123046875,328.8594960564765,330.33026123046875,5493100,30.560857781099145,30.679849624633793,30.49144666041693,30.67984962463379,34444000,220.79946529614307,221.8472354769669,220.33046355069183,221.80731201171875,18805000,45.97999954223633,46.040000915527344,45.83000183105469,45.970001220703125,50712700
2020-01-17,146.50999450683594,146.99000549316406,146.30999755859375,146.5800018310547,11121100,183.0330463564797,183.53028363798362,182.66508044952207,183.09271240234375,620300,303.34592906064063,303.77394293933446,302.77861551210856,303.63458251953125,2218000,168.174606577274,168.174606577274,167.53777059678725,167.92584228515625,2272000,28.75,28.780000686645508,28.299999237060547,28.420000076293945,43853800,329.76092192812104,330.2380964715567,328.91588488855376,330.00946044921875,95846000,331.12531150526166,331.5724913420957,330.4694174170142,331.4234313964844,4982400,30.769092559814453,30.838503679425937,30.650100718115368,30.769092559814453,38819400,222.80519008166448,223.08459343881668,221.64765318698196,222.9049835205078,24325200,46.119998931884766,46.2599983215332,46.0099983215332,46.22999954223633,72382100
2020-01-21,145.77000427246094,146.86000061035156,145.5500030517578,146.74000549316406,6086100,182.56564239067959,183.2617715510059,182.23746396342344,182.72476196289062,1032600,302.6591366658537,303.79382446024596,302.5795238403611,303.00750732421875,2757900,167.567626953125,168.01541484127966,167.33876804772166,167.567626953125,3174200,28.260000228881836,28.969999313354492,28.200000762939453,28.950000762939453,48096900,328.9655951487412,330.2381112200252,328.8860761676756,329.3632507324219,77742400,330.31041295876133,331.57249427952837,330.24084154100717,330.7079162597656,5892400,30.620351957269296,30.759176086318206,30.511278152465824,30.51127815246582,41276500,222.28629256323543,223.36399775674712,222.1865143503039,222.80519104003906,21146300,45.27000045776367,45.349998474121094,45.029998779296875,45.060001373291016,106662600
2020-01-22,146.67999267578125,146.80999755859375,146.3800048828125,146.7899932861328,4778200,183.32144660960097,183.7689571507776,182.73471022951435,182.81427001953125,2575500,303.8834079781479,304.4905734909629,302.89804356593527,303.087158203125,2765300,168.09499680242592,168.4830836663603,167.51787701767844,167.66712951660156,2113600,28.899999618530273,28.989999771118164,28.649999618530273,28.84000015258789,21333700,330.2977477569372,331.003619010608,329.2340259300246,329.40301513671875,48914900,331.67188637045655,332.3575924718541,330.6085415085724,330.7774963378906,4182400,30.610439139771575,30.679850261895556,30.560858415889285,30.600522994995117,27391000,223.93279637538794,224.67121302246207,223.1145327946026,223.39393615722656,20736400,45.560001373291016,45.58000183105469,45.29999923706055,45.43000030517578,57584900
2020-01-23,147.0,147.6199951171875,146.6199951171875,147.1199951171875,8419800,182.50597442631857,183.1324830767879,181.7501640534996,183.04298400878906,847600,302.4202733950624,303.54499821640513,301.2457943537413,303.3857421875,2673100,167.27906617498988,167.9358075697248,166.5626237777096,167.856201171875,2370000,28.65999984741211,29.100000381469727,28.59000015258789,28.65999984741211,41346600,328.6971679311265,330.2281737074624,327.48429874141164,329.7807922363281,51963000,330.0321557278274,331.3339964695169,328.8197509537855,331.1849365234375,7454900,30.44186719440844,30.590605577243362,30.233631945390627,30.521194458007812,43072300,223.2642129368813,224.21218967655386,222.22641601398496,224.11239624023438,26496100,44.720001220703125,45.099998474121094,44.47999954223633,44.959999084472656,88714300
2020-01-24,146.89999389648438,148.3800048828125,146.88999938964844,147.97999572753906,9919900,183.52032791216214,183.52032791216214,180.62641848641564,181.36231994628906,906900,303.9929184802106,304.0924269236974,299.4044432111146,300.6187438964844,3448200,168.25421346384437,168.25421346384437,165.50786113686078,166.26409912109375,3292500,28.610000610351562,29.299999237060547,28.610000610351562,29.219999313354492,44497000,330.49658124472046,330.5860514702618,325.44626158244085,326.8480224609375,87578400,331.8308764052318,331.9302598097765,326.79243803763234,328.1737976074219,4793500,30.531110096040656,30.531110096040656,29.946070827455976,30.134471893310547,58924900,225.16017569402607,225.3996708152569,221.19861668508722,222.22642517089844,37436500,45.02000045776367,45.029998779296875,44.38999938964844,44.599998474121094,88654500
2020-01-27,149.24000549316406,149.32000732421875,148.4600067138672,148.99000549316406,9988100,178.35902257925918,179.41316320960888,177.96122364126447,178.59768676757812,1220700,295.452994241062,297.33417768645154,295.0648323336695,295.8411865234375,4302000,163.41823392872809,164.50285777775227,163.030162241779,163.76651000976562,4692800,29.639999389648438,29.65999984741211,28.90999984741211,29.079999923706055,38199300,321.14160255355677,323.2193810131971,320.7737703852764,321.6088562011719,84062500,322.4298001133705,324.5266474844605,322.0720259097727,322.84716796875,6552900,29.53951851373452,29.807246843158957,29.49985393674653,29.668424606323242,50289300,217.2071216896897,218.8136986246593,216.71815819597157,217.63621520996094,42264400,42.7400016784668,44.970001220703125,42.65999984741211,43.060001373291016,129321800
2020-01-28,148.36000061035156,148.55999755859375,147.52999877929688,147.66000366210938,7543100,179.42310116613206,180.90487374706143,179.14464949883333,180.43746948242188,699000,297.3043195518337,299.8125337746993,296.8265514439142,299.046142578125,3562500,164.5128036927278,165.84617665615184,164.24413400555903,165.34864807128906,4010700,28.799999237060547,28.969999313354492,28.280000686645508,28.309999465942383,55735200,323.1597155086385,325.9334138240736,321.7082590796356,324.9790344238281,63834000,324.496833986671,327.2495754452649,323.9701352865774,326.2856140136719,5559200,29.82707899166606,30.14438804083626,29.777500161974885,30.01548194885254,34257900,219.1729316286235,221.4880054223856,218.59416318018296,220.9790802001953,26731900,43.220001220703125,43.5,43.029998779296875,43.41999816894531,82396700
2020-01-29,147.6999969482422,148.55999755859375,147.61000061035156,148.4600067138672,5013100,181.21315352300638,181.3324856130472,180.1788914943946,180.2882843017578,581100,300.369916679852,300.52917271686795,298.5186222026353,298.7475280761719,2739400,166.13475737047915,166.16460787191355,165.09988937619397,165.23919677734375,1751700,28.299999237060547,28.899999618530273,28.229999542236328,28.860000610351562,37940100,326.4603227016416,326.7088612224463,324.49188669476547,324.7106018066406,53888900,327.81603592115783,328.02471984937193,325.8781959326245,326.05706787109375,3372400,30.11464260565017,30.223716413239238,29.916323496979018,29.96590232849121,41167500,222.20646294081035,222.45593131499018,220.36040610768435,221.33831787109375,28924500,43.7599983215332,43.790000915527344,43.5,43.630001068115234,51814700
2020-01-30,148.69000244140625,149.30999755859375,148.00999450683594,148.47000122070312,9119500,179.08499052599362,180.97448622508057,178.64741926738947,180.84521484375,1167700,296.64739943701034,299.8822136248007,295.9108364746481,299.6831359863281,4432700,164.18443214912875,165.78647479137314,163.65705306659186,165.63722229003906,2835900,28.899999618530273,29.079999923706055,28.600000381469727,28.729999542236328,39866800,322.4638054430857,325.9930706592338,321.6486221486426,325.764404296875,75491800,323.7912653652993,327.30920146214066,322.936604447481,327.0408935546875,4084500,29.6981743144022,30.362540876992142,29.678342025056537,30.342708587646484,51210000,219.9113675535451,222.2264261637548,219.22283239997876,222.12664794921875,39406800,42.65999984741211,43.029998779296875,42.43000030517578,42.97999954223633,105864200
2020-01-31,148.8800048828125,149.67999267578125,148.80999755859375,149.3300018310547,14788300,180.52696977973622,180.566757260751,177.10597478740448,177.65293884277344,1368900,299.0361855788133,299.19544161797927,293.34291127231074,294.3083801269531,6184700,165.33869643276537,165.38845232595918,162.23410786119987,162.7117462158203,4525300,28.799999237060547,29.239999771118164,28.760000228881836,28.989999771118164,41986200,325.08839388267376,325.2574134305657,318.85505853675147,319.8492126464844,113845600,326.4048760236019,326.57380051333735,320.173897574214,321.227294921875,6354000,30.084893845263796,30.124556531780613,29.599014114737948,29.708087921142578,58958800,223.05466380875214,223.08459879585578,217.82580115042165,218.60415649414062,52015800,42.29999923706055,42.33000183105469,41.880001068115234,42.11000061035156,99532200
2020-02-03,148.66000366210938,148.77999877929688,147.67999267578125,148.36000061035156,9115100,178.37890571441324,180.11923627971362,178.37890571441324,179.1148223876953,807000,295.7316662940366,298.2697693380976,295.6420904748317,296.44830322265625,3266700,163.53765257820476,165.01033294400327,163.4978417885692,164.14463806152344,2783900,28.809999465942383,28.899999618530273,28.399999618530273,28.559999465942383,42345200,321.4597319971561,324.2533025709851,321.33048711081506,322.2252197265625,69242300,322.78753737760024,325.5800382205336,322.7080488492946,323.5328674316406,3122000,29.91632270812988,30.213799471981403,29.896490419523474,29.916322708129883,40168700,219.6718624644855,222.41601447435303,219.52218753630171,221.9071044921875,25468300,42.27000045776367,42.68000030517578,42.2599983215332,42.58000183105469,71311700
2020-02-04,146.97000122070312,147.02999877929688,145.8000030517578,146.42999267578125,10525600,181.31260877846833,182.44630916811045,181.1435347499934,181.93911743164062,1273000,300.0912289735668,301.8131564131189,299.7528212824089,301.0168762207031,2292800,166.14470090537753,167.18951399580473,165.98548811032109,166.73178100585938,2732700,28.200000762939453,28.280000686645508,27.770000457763672,28.049999237060547,62983500,326.15214966807974,328.08081108942287,325.8041896579904,327.1363525390625,62573200,327.5079721391868,329.42594759789284,327.170092809225,328.5514221191406,3636300,30.322875968223336,30.491446643204068,30.193969871502162,30.20388412475586,79273300,224.94063866364255,227.37545239786775,224.1722718185178,226.9862823486328,30691200,43.68000030517578,43.93000030517578,43.650001525878906,43.68000030517578,73939300
2020-02-05,146.3800048828125,146.80999755859375,146.16000366210938,146.61000061035156,6160700,183.6496140577193,183.8286273681593,182.62530648110504,183.6993408203125,507000,303.97298894710116,304.6498043048298,302.45013920472064,304.4208984375,3049900,168.29402031513314,168.5129341023823,167.33875877228522,168.37362670898438,4133700,28.020000457763672,28.350000381469727,27.90999984741211,28.049999237060547,41433700,330.32757624910795,331.14278990328046,328.73695393943336,330.91412353515625,65951100,331.70169245994816,332.496699068629,330.1315437931581,332.2085266113281,4106100,30.61043865617144,30.838504308493185,30.541025643832853,30.80875587463379,51086900,229.72046921633702,229.76037745745597,226.36761358770875,227.7346954345703,38534800,44.459999084472656,44.470001220703125,43.900001525878906,43.93000030517578,74350800
2020-02-06,147.27999877929688,147.6300048828125,147.0,147.39999389648438,4819800,184.3954782202019,184.64409686980974,183.6894097530234,184.23635864257812,714200,305.36644848731487,305.6451389573822,304.38108403510955,305.4560546875,1925500,168.92089973057324,168.99056102049678,168.35372503896593,168.84129333496094,2202300,28.270000457763672,28.510000228881836,28.110000610351562,28.399999618530273,37356800,331.9579898241827,332.2363517507774,330.8544630278854,332.027587890625,50359700,333.48056030273443,333.5898608238287,332.2085315135395,333.4805603027344,4442600,30.977325918648905,31.007074351901466,30.709595693309332,30.769092559814453,37044400,228.30346847019285,229.7603704613074,227.49519338165754,229.70050048828125,22467100,44.33000183105469,44.349998474121094,43.959999084472656,43.970001220703125,80118800
2020-02-07,147.8300018310547,148.17999267578125,147.33999633789062,147.7899932861328,6379300,183.6297263443175,184.0374645666947,182.9733846497704,183.32144165039062,466800,304.40098404301693,305.15744263339747,303.316080755488,303.9033203125,2249000,168.2144144201583,168.56267531300236,167.57757845082673,167.8760986328125,2579200,28.56999969482422,28.670000076293945,27.920000076293945,27.93000030517578,40445600,330.87436627724315,332.0375095541918,329.6614970930767,330.25799560546875,64139400,332.2482502326537,333.04328715578004,331.04579290039976,331.671875,4679900,30.6005220380628,30.7492604224359,30.53111091810943,30.660017013549805,27982500,228.67269246802488,229.94996931625352,228.0540005507315,228.7126007080078,25884900,43.529998779296875,43.54999923706055,43.25,43.36000061035156,58449900
2020-02-10,148.2100067138672,148.4499969482422,147.91000366210938,148.1699981689453,5793600,182.8341603137861,184.69382295012755,182.8341603137861,184.6838836669922,501200,302.96771962369786,306.1228904483564,302.9278980229977,306.08306884765625,2246900,167.4482112623785,169.10995483398438,167.42830586859736,169.10995483398438,2494100,28.190000534057617,28.510000228881836,28.020000457763672,28.389999389648438,34717200,329.29366685199454,332.79307829161377,329.25389219382424,332.7234802246094,42070000,330.63834100580397,334.14635991150254,330.63834100580397,334.1264953613281,3614300,30.560856989394345,30.74925994873047,30.550940845080742,30.74925994873047,17723700,227.95422288029488,231.48668834132482,227.8943529070074,231.47671508789062,21478900,43.380001068115234,43.630001068115234,43.380001068115234,43.599998474121094,45350800
2020-02-11,148.02999877929688,148.16000366210938,147.00999450683594,147.66000366210938,5179400,185.44961787389724,186.00652121812115,184.78332171745234,185.0518341064453,479700,307.4864762315716,308.2429347505697,306.1726368169899,306.64044189453125,2438800,169.89606229295939,170.40353597056762,169.2691714333391,169.57763671875,2921700,28.31999969482422,28.530000686645508,28.06999969482422,28.43000030517578,24591700,334.1948424762888,335.0498004307343,332.7234835012447,333.30010986328125,54864500,335.60719271637595,336.432041588122,334.1662395417577,334.74261474609375,5850800,30.8285870621988,30.997157732089004,30.8285870621988,30.858335494995117,27997400,232.75398539770484,233.52235222809514,230.9079133994054,231.51661682128906,30198000,44.13999938964844,44.40999984741211,44.08000183105469,44.16999816894531,58708400
2020-02-12,147.4199981689453,147.80999755859375,147.16000366210938,147.5399932861328,5040600,186.02641158155802,186.39436231849487,185.73802063156276,186.2650909423828,821500,308.11354236300735,308.8202163001984,307.72538047848707,308.6112060546875,2115800,170.3936002022331,170.70206550454705,170.06522950459853,170.64236450195312,2154100,28.34000015258789,28.40999984741211,28.079999923706055,28.1200008392334,33312700,334.8609016489738,335.6761152668022,334.4632460892836,335.4474792480469,43992700,336.2830034425279,337.07801005055796,335.87555269945614,336.8891906738281,5473300,31.016990328513543,31.11614798952997,30.83850351258613,30.87816619873047,26964200,232.88371329675633,233.8815867581683,232.3049448619765,233.77182006835938,24471300,44.59000015258789,44.84000015258789,44.5,44.77000045776367,41641100
2020-02-13,148.24000549316406,148.5800018310547,147.9499969482422,148.3800048828125,7082100,185.37005355582116,186.7225395763777,185.34022053271516,186.13580322265625,660200,307.15803865282516,309.26812785979183,306.9191394242193,308.3126220703125,2043400,169.8562505166564,171.08016654575064,169.7069980192182,170.57269287109375,2827500,28.3700008392334,28.59000015258789,28.209999084472656,28.31999969482422,29937400,333.8965720696893,336.1433699810163,333.5983379837497,335.0895690917969,54501900,335.3587499282672,337.56492800290073,335.0010060755161,336.4717712402344,7908300,30.779008377001894,30.937662903373152,30.68976496950417,30.868249893188477,22758700,232.1452843384122,234.43040789385014,231.8658809838523,233.4724578857422,22773200,44.290000915527344,44.45000076293945,44.15999984741211,44.18000030517578,64757500
2020-02-14,148.74000549316406,149.1300048828125,148.6300048828125,149.0,5345400,186.4142624924481,186.5733820718229,185.76786006614566,186.4639892578125,1233700,308.660981163697,308.8799544178554,307.5561822733865,308.8302001953125,1637000,170.75182174930487,170.92097965145524,170.1348759600512,170.851318359375,2527800,28.34000015258789,28.469999313354492,28.190000534057617,28.309999465942383,22888600,335.53696409678037,335.7556792150181,334.23462463701156,335.6264343261719,64582200,336.88916882060687,337.14755959885656,335.64695212141584,336.958740234375,6510600,30.83850399503459,30.927747404394452,30.759176730193733,30.907915115356445,22080200,233.84167189260367,234.36057037499603,233.05335852868748,234.1410369873047,23438500,44.459999084472656,44.470001220703125,44.040000915527344,44.20000076293945,45095300
2020-02-18,149.8800048828125,151.08999633789062,149.47000122070312,150.91000366210938,11524900,185.94685643227382,186.29492861201476,185.25072724727005,186.12586975097656,832900,307.7950467340252,308.3723536571683,306.59070904089157,307.9841613769531,3000300,170.42344234684643,170.69209684534573,169.68709458976943,170.4532928466797,2459400,28.59000015258789,29.25,28.3799991607666,29.229999542236328,64678400,334.54279002176656,335.6960123637344,333.2503715496009,334.7615051269531,57226200,335.945094338566,336.59107132714774,334.6532010165188,336.15380859375,3566600,30.818671218361395,30.89799848194708,30.46169758657024,30.64018440246582,37768900,233.0034548582502,234.66990172322326,232.75398649116428,234.2308349609375,24394500,43.88999938964844,44.04999923706055,43.810001373291016,43.90999984741211,40176200
2020-02-19,151.0,151.82000732421875,150.82000732421875,151.7899932861328,9269800,186.6927108460369,187.42862750668746,186.56343946776437,187.02088928222656,394600,308.9695603960904,310.1340765026077,308.6709439360984,309.46722412109375,2257500,171.07022070178394,171.7070566603824,170.92096820499012,171.31898498535156,2488100,29.3700008392334,29.790000915527344,29.200000762939453,29.75,45467500,335.81531845079456,337.09775538228644,335.50713311012515,336.3620910644531,48814700,337.21710883518995,338.50903243010646,336.90904151254944,337.7637023925781,2678800,30.749259944065606,30.947577156374106,30.709595366817222,30.868249893188477,25643300,235.62787561648545,236.96502245891125,235.3484722531828,236.47605895996094,22230500,44.25,44.33000183105469,44.189998626708984,44.22999954223633,45651500
2020-02-20,152.0,152.8300018310547,151.9499969482422,152.41000366210938,8457300,186.64298414250442,187.24961425060255,184.53470286330085,186.36453247070312,810400,308.89985588654,309.7359272337824,305.23705844862667,308.2528991699219,4617300,171.11003992910875,171.5777028365838,169.06020937738415,170.8015594482422,7061600,29.65999984741211,30.100000381469727,29.5,29.75,52313900,335.76558447715706,336.66034740772295,331.7293213971142,334.980224609375,74163400,337.21712076859365,338.08172911787096,333.14267401463155,336.3823547363281,3567700,30.759177042846,31.016991129027144,30.60052251155164,30.80875587463379,50344300,235.95716654226285,236.44611479589463,231.38690423942134,234.28073120117188,42604000,43.880001068115234,44.34000015258789,43.400001525878906,43.540000915527344,109316300
2020-02-21,154.42999267578125,155.22000122070312,154.17999267578125,154.6999969482422,16344500,185.54907356983955,185.98664482383344,183.9280751083108,184.3656463623047,1236200,306.8594320495063,307.1381225126642,304.19196184856906,305.0578918457031,2678000,170.10502062482334,170.18462702063803,168.56267897056972,169.05026245117188,2983500,30.270000457763672,30.709999084472656,30.18000030517578,30.649999618530273,76564200,333.5088745130023,333.84688326363823,330.6357546238341,331.530517578125,113788200,334.90164114076583,335.21965591245106,332.01970430031827,332.9240417480469,4323700,30.660016534515023,30.729427653383908,30.342707481793756,30.51127815246582,51128200,233.11322829911342,233.51237160747263,228.8323576955472,229.78033447265625,66017200,43.439998626708984,43.529998779296875,43.22999954223633,43.290000915527344,70553100
2020-02-24,158.5,158.52999877929688,155.36000061035156,156.08999633789062,27171000,178.61758034691593,180.0893984799735,177.63304504755504,178.30929565429688,1865900,295.5724108558256,297.9811164852744,293.79079671201936,294.85577392578125,7097000,163.68690818211917,165.05013167729865,162.78140249284812,163.48789978027344,8710900,31.760000228881836,31.84000015258789,30.65999984741211,31.049999237060547,87112400,321.2509789521185,331.61004795876534,319.36206184070915,320.5351867675781,161088400,322.5887711950029,325.2421595366898,320.69069067526016,321.8136291503906,7492100,29.549434195456072,29.807248284410566,29.380863517728567,29.51968765258789,70455400,221.20858131573934,223.7731234167171,219.79160282962602,220.91920471191406,84522600,41.459999084472656,41.90999984741211,41.43000030517578,41.66999816894531,101505600
2020-02-25,155.1199951171875,156.0800018310547,152.91000366210938,153.3000030517578,28091500,179.20431660447693,179.46288970740935,172.3623418003756,172.84962463378906,2295000,296.3388418995345,296.83650560652495,285.02194368758643,285.99737548828125,8465800,164.22423018538828,164.57250627147846,157.9852326034148,158.49270629882812,10112300,30.479999542236328,31.15999984741211,29.90999984741211,29.969999313354492,91165500,322.0462736319219,322.7123398725428,309.86788620752645,310.822265625,218913200,323.35399111541835,324.0297497433104,311.1305601982651,312.1640930175781,12100900,29.529602978126203,29.58909795352332,28.379356700122337,28.518178939819336,111826900,222.7752503137202,223.513682156825,214.2833526365477,214.91200256347656,97743000,42.279998779296875,42.349998474121094,41.34000015258789,41.34000015258789,118601100
2020-02-26,153.82000732421875,155.27999877929688,152.89999389648438,153.97000122070312,17912500,173.5258725575869,175.73360730899938,171.62642249384842,172.01426696777344,2797000,287.2614165244475,290.9142813226994,284.1460673838168,284.7333068847656,10233700,159.21909282718033,161.01019877572026,157.21903337494177,157.61705017089844,8210300,29.899999618530273,30.280000686645508,29.670000076293945,29.8700008392334,49317800,312.343311159876,316.25032928261913,308.8836744938877,309.6789855957031,194773800,313.5653208696924,317.5106024956515,310.1268733844603,310.9616394042969,11655100,28.70658237214168,28.97431071147113,28.309944152832035,28.30994415283203,95015700,216.24917519072585,219.81157570601874,214.4430113463378,216.0196533203125,79537700,41.83000183105469,42.2400016784668,41.63999938964844,41.66999816894531,109411100
2020-02-27,155.5800018310547,156.27000427246094,153.89999389648438,154.0,27848600,168.5733852222662,170.98001195101844,164.3568225989389,164.41648864746094,3366700,279.25902296838814,283.1507568457791,272.082690362965,272.1125793457031,14872200,154.27365603199164,156.75135383646204,150.6516485622228,150.71136474609375,14377800,30.31999969482422,30.399999618530273,28.139999389648438,28.149999618530273,125082100,303.6742890006841,309.73863480113033,295.7707824707031,295.7707824707031,282744800,304.81017106680974,309.09333189070134,296.85003662109375,296.85003662109375,11321200,27.705074135567802,28.151289290068867,27.080370271430667,27.100202560424805,143514200,210.4515066732657,215.95977243714458,205.0629960785268,205.20269775390625,120671700,41.209999084472656,41.52000045776367,40.65999984741211,40.66999816894531,151035100
2020-02-28,152.7100067138672,152.77000427246094,147.0500030517578,148.3800048828125,42707100,159.3148242103917,163.49161439915537,157.6838865109896,163.3225555419922,4418000,264.08029055745914,271.644785373722,261.02462794697794,270.47027587890625,23324100,145.69626199194667,149.8456483689877,144.5818028739021,149.69639587402344,22283300,26.799999237060547,27.040000915527344,25.43000030517578,26.219999313354492,166818900,287.01230403599675,296.1485827449597,283.87077340393773,294.5281066894531,385764000,288.2340595905855,296.104728321892,284.92477702254615,294.0675048828125,19516300,26.178021600075056,26.624238640321174,25.751636848575686,26.366424560546875,192064200,198.21758793436894,206.7294475211116,197.74858617953487,205.36236572265625,149247100,39.54999923706055,40.619998931884766,39.279998779296875,40.52000045776367,201191200
2020-03-02,150.0,150.72999572753906,149.0399932861328,149.1999969482422,16295400,164.7446638368966,170.50266502279186,162.55682277889682,170.4330596923828,3257500,272.71970270006443,282.7127981215141,269.2260938688397,282.5435791015625,12428600,150.66160430629034,156.04486704535782,148.84064792902592,155.89559936523438,12071600,27.09000015258789,27.469999313354492,26.700000762939453,27.290000915527344,83762400,296.4666798062113,307.35267912171395,292.7386020048987,307.2830810546875,238703600,297.47612335550707,308.5666380433277,293.80909711487453,308.4672546386719,11780800,26.41600404065846,27.714990615844727,26.138359556621435,27.714990615844727,127115500,208.43581845348473,216.10946799061043,205.50206797088802,215.95977783203125,112933900,40.63999938964844,41.40999984741211,40.400001525878906,41.400001525878906,135152300
2020-03-03,150.83999633789062,155.24000549316406,150.74000549316406,153.88999938964844,28687700,170.94024276681736,173.1082053410931,164.24743278618942,165.82864379882812,1788700,283.01138834854936,286.97280232263086,272.08268259717715,274.75018310546875,9805900,156.56229057478743,158.51260929734553,150.33323819276575,151.87557983398438,8623100,27.81999969482422,29.610000610351562,27.459999084472656,28.68000030517578,130291500,307.69067845709367,312.0053033931417,295.8304279226856,298.48480224609375,300139100,308.82503207020494,313.18768153408814,297.01899920357005,299.6226806640625,12910300,27.625747683554973,28.012467873760748,26.406088352893807,26.673818588256836,256525000,216.6483101030173,219.14299378287964,207.17848537277723,209.03453063964844,131953500,41.40999984741211,42.08000183105469,40.83000183105469,41.119998931884766,141798700
2020-03-04,154.39999389648438,154.9600067138672,153.6999969482422,154.16000366210938,12315500,169.12034274514093,172.68056352244392,167.42973901304717,172.591064453125,1655900,279.91595263971305,286.30593792586524,277.3977753797526,286.1367492675781,5253900,154.7512943193638,157.96532470613636,153.28855907434468,157.94541931152344,5226600,29.030000686645508,29.18000030517578,28.280000686645508,29.1299991607666,55030300,304.3304474684274,311.2696539909892,301.5567490414698,311.0310363769531,176613400,305.5356576367029,312.7901916503906,302.8126977760851,312.7901916503906,7188600,27.03079114449152,27.566249702296165,26.57465795917312,27.55633544921875,124408000,212.86637699088013,217.86571761903554,210.92051153360097,217.75595092773438,73086200,41.7400016784668,41.93000030517578,41.5099983215332,41.849998474121094,80064800
2020-03-05,156.05999755859375,157.6199951171875,155.72000122070312,157.49000549316406,17973500,168.29492833316016,170.08498560576547,165.4706241777594,166.89273071289062,1353000,278.99026122753145,282.08574527155565,274.32217323870094,276.5517272949219,6220000,154.0448030986705,155.58714479930907,151.3581516884374,152.68157958984375,5343100,29.469999313354492,29.84000015258789,28.959999084472656,29.81999969482422,68343800,303.1971211860528,306.66670920465043,298.2561742120693,300.69183349609375,186366800,304.41267933883563,307.88093884755256,299.4338648317786,301.8686218261719,6506600,26.644070607098225,26.713481725561927,25.930123351331847,26.227602005004883,130265700,212.23771208032613,215.89990591066623,209.65322343139792,211.14004516601562,78705500,41.52000045776367,41.68000030517578,40.79999923706055,40.970001220703125,107474200
2020-03-06,158.3300018310547,159.25,154.5399932861328,157.5500030517578,26973400,161.67173761880392,164.6054345561567,160.050739218983,163.92918395996094,3101500,268.06160074567975,273.1775681318935,265.35430882000367,271.91351318359375,6669100,148.24361467875642,150.59195023491,146.3928077134543,149.8456573486328,9947700,29.90999984741211,29.969999313354492,28.450000762939453,29.40999984741211,81228000,291.43626760301237,297.0333600259888,288.5333546283629,295.7210693359375,228667200,292.6563106753858,298.171771087649,289.60544947166403,296.8401184082031,9896200,25.037692065533964,25.62273135817213,24.819542558112232,25.335168838500977,160606600,204.234769625862,208.70523869081757,202.47851772835764,207.57765197753906,89828400,40.27000045776367,40.38999938964844,39.810001373291016,40.130001068115234,104006900
2020-03-09,158.60000610351562,159.3699951171875,156.3300018310547,157.80999755859375,24868700,153.66621378246356,156.38112509163957,150.5435642604268,151.120361328125,1732600,252.70367313524812,259.770488567137,249.97647059005976,250.93199157714844,16425900,139.30800014454536,142.9200624355421,137.5567050373118,137.81541442871094,18537100,28.3799991607666,28.719999313354492,27.260000228881836,27.309999465942383,87651700,273.69061392814103,282.5286585153089,271.85145309879846,272.62689208984375,309417300,275.47400873233346,283.51363219441384,272.87029685352115,273.08892822265625,14676500,22.80661089894656,23.679210831598883,22.33064729931802,22.618207931518555,134165700,193.0685507891858,200.73222680076162,191.70146903549312,193.1583709716797,116424000,37.22999954223633,38.099998474121094,36.599998474121094,37.38999938964844,143376900
2020-03-10,156.17999267578125,156.41000366210938,154.38999938964844,154.47999572753906,18811500,156.66951549477443,158.62863159179688,150.39438344952563,158.62863159179688,3062400,260.4800109863281,263.80999755859375,250.0,263.80999755859375,10879100,143.63651133924074,144.69126953048968,137.21838032198875,144.65145874023438,11693300,27.739999771118164,28.030000686645508,26.5,27.489999771118164,82748700,282.97604635305805,286.8333388956449,271.90115477316715,286.73394775390625,276444100,283.93098416909874,287.9358896810781,272.9000935754468,287.7470703125,14213300,23.66929688467603,23.966773665468235,22.64795665901663,23.946941375732422,149282300,200.68234380165342,203.86556276009168,193.26813564567323,203.67596435546875,100599200,38.95000076293945,39.33000183105469,38.16999816894531,39.290000915527344,142773700
2020-03-11,156.25,156.5,153.61000061035156,153.92999267578125,18159900,154.39217339329215,155.02863649627577,148.7932768388814,150.57339477539062,2361500,256.6600036621094,257.7200012207031,247.6199951171875,250.72999572753906,11480100,140.75083419004122,141.49712707035252,135.62629581858383,137.3278350830078,10760200,27.049999237060547,27.25,25.040000915527344,25.170000076293945,119428500,279.0590671896687,280.29180856152794,269.29646667481364,272.756103515625,255316300,280.10495702177536,281.26768524828,270.2964183792411,273.7547607421875,9984000,23.21316191620757,23.451143701048743,22.330645894341004,22.6479549407959,146915400,198.92609313269676,200.3231099759902,192.32016004881658,194.80487060546875,89168800,38.20000076293945,38.33000183105469,37.220001220703125,37.459999084472656,137795400
2020-03-12,151.52999877929688,151.5500030517578,146.85000610351562,147.7899932861328,32893400,140.05185076961783,146.1678630981397,132.99107549201872,136.24301147460938,3227300,234.94000244140625,243.67999267578125,225.80999755859375,226.47999572753906,24669300,128.54147555181606,133.00928762837825,123.79506387085081,123.97416687011719,20969500,22.989999771118164,24.889999389648438,22.0,22.309999465942383,106328100,254.50345172368475,265.1011381588174,246.23208226126283,246.65957641601562,392220700,255.280519434463,266.11264358128557,247.0123173515721,247.4098358154297,22444700,20.76393174067166,22.02325182371943,20.12931173561603,20.1987247467041,161437500,181.7027776479657,190.37430059336185,176.56373533547728,176.94293212890625,137820700,34.130001068115234,34.66999816894531,32.88999938964844,33.709999084472656,171341200
2020-03-13,149.4199981689453,149.60000610351562,141.5800018310547,143.27999877929688,35177200,143.87064356334787,148.81318371115492,136.6408087211175,148.3457794189453,2522400,240.66000366210938,247.77999877929688,228.10000610351562,247.63999938964844,19533600,131.34755017451124,135.25811767578122,124.38214978646897,135.25811767578125,15351600,23.290000915527344,23.399999618530273,16.5,19.0,195650900,261.55198432246505,269.89295133124114,247.0671677603734,267.7455749511719,329566100,263.0915667801811,270.37594296749313,248.96012263001666,269.8591613769531,24915800,21.715859561275213,22.895854306735032,20.72426778321414,22.856189727783203,160945700,186.67220213801332,194.06643316868622,177.75121065077738,191.9309844970703,134882000,36.61000061035156,36.70000076293945,34.380001068115234,36.13999938964844,128272900
2020-03-16,137.55999755859375,142.9600067138672,136.1199951171875,141.63999938964844,24496000,133.85629066797122,140.39992035050756,129.28170132067888,130.6839141845703,2784300,222.85000610351562,234.77000427246094,218.13999938964844,218.57000732421875,17271500,120.46161866057274,127.35736515747556,119.40686048892601,119.86458587646484,14652900,16.75,22.950000762939453,16.18000030517578,22.489999771118164,199906300,239.77007228696237,255.39817554387744,235.97241161245125,238.44786071777344,297240000,240.96023621383688,256.21466388722257,233.53674774270064,238.62486267089844,18004600,19.187300686813522,21.16056803680797,18.770832077332056,19.722759246826172,110661600,173.7796645386384,184.28727131206261,168.80028550118513,168.9399871826172,92054400,32.0,33.47999954223633,31.59000015258789,31.6299991607666,101553900
2020-03-17,140.17999267578125,146.1999969482422,139.92999267578125,143.55999755859375,24490300,133.41871745410285,139.34577763797577,128.94358170458713,139.00765991210938,2019400,223.75,233.9499969482422,216.60000610351562,232.8800048828125,15115500,121.60593676812286,126.74043544874252,117.41674696126945,125.8747329711914,16645800,22.110000610351562,25.5,22.020000457763672,25.5,119759900,243.60751331044133,254.67246843645881,235.6841191115447,251.32215881347656,262070500,244.2695061090995,255.39976521814623,236.3391985789233,253.79978942871094,18140900,20.178892458799464,21.01182967878501,19.37570367213882,20.793678283691406,122295100,175.0968561775949,183.99788555940782,169.4189537885709,181.75267028808594,121257100,32.560001373291016,33.810001373291016,32.029998779296875,33.810001373291016,92310900
2020-03-18,141.75,142.8800048828125,138.5,140.6999969482422,21953400,130.2463308603761,133.925883599259,124.06069804833655,131.439697265625,1937600,216.0800018310547,224.74000549316406,208.30999755859375,220.14999389648438,20177500,117.91427599822927,121.75519732584384,112.44146150042116,118.62076568603516,15388000,24.1200008392334,25.040000915527344,19.68000030517578,19.68000030517578,198033900,234.86890697479248,246.9180498561201,226.6870229496737,238.59698486328125,327597100,235.7429329670178,245.35272016203575,227.3554828382457,239.6683349609375,22014200,19.484777772448513,19.881414099544255,18.1262981157317,19.02864646911621,145056400,171.24506280632954,178.8388803451732,166.44529396366227,176.22445678710938,114156300,30.90999984741211,32.02000045776367,30.149999618530273,30.889999389648438,101136100
2020-03-19,139.0800018310547,140.5,137.85000610351562,138.0399932861328,20828900,129.60986937460328,134.49274303633894,125.87064295798136,131.4894256591797,2415800,218.42999267578125,226.0,212.11000061035156,220.33999633789062,12441200,116.82966820603183,122.19302584747751,114.02359964499847,119.49641418457031,11083500,20.649999618530273,24.979999542236328,19.290000915527344,21.270000457763672,103179000,237.85135998695094,245.93383738748386,230.86245812545724,239.10398864746094,289322000,237.82985081519317,246.70423975411953,231.48957184543755,240.5527801513672,18324900,18.632009232078197,19.722758605494125,17.957726563290176,19.445114135742188,105652800,175.31639927242512,183.09981568966927,171.26503526117537,177.28221130371094,120896500,30.809999465942383,31.549999237060547,30.25,31.1299991607666,68919700
2020-03-20,140.7100067138672,141.1699981689453,139.13999938964844,140.11000061035156,20056000,132.8120817930814,134.25406688397675,125.04523024587857,125.47285461425781,2018200,222.8000030517578,224.55999755859375,210.0500030517578,210.74000549316406,11533200,120.55117571253119,122.05371414058175,114.23256430364435,114.62063598632812,12264900,22.850000381469727,22.850000381469727,20.34000015258789,20.549999237060547,68320700,242.52999877929688,244.47000122070312,228.5,228.8000030517578,347158800,243.32541729897937,245.16388894721806,229.26351492338515,229.7206573486328,12619800,19.65334777308624,19.75250732428336,18.513017662597182,18.750999450683594,157840900,181.35353772494955,182.48112444067044,169.73829064326944,170.33700561523438,118983900,32.59000015258789,32.720001220703125,31.25,31.360000610351562,100290200
2020-03-23,142.67999267578125,146.92999267578125,142.27999877929688,146.3000030517578,28275200,125.1148427786197,125.58224703881487,119.53583985379092,122.3104248046875,2284400,209.6300048828125,210.77999877929688,200.5500030517578,204.27000427246094,14128200,113.08824699149005,114.33206843312175,108.94880558973165,111.35684967041016,16443000,21.6299991607666,23.290000915527344,21.1200008392334,21.93000030517578,93812100,228.19000244140625,229.67999267578125,218.25999450683594,222.9499969482422,326025200,228.79644762541358,230.018799835962,218.90840524219772,223.25119018554688,14473200,18.440000534057617,18.600000381469727,17.489999771118164,17.65999984741211,144547900,170.9199981689453,174.2100067138672,164.92999267578125,170.4600067138672,124639800,31.059999465942383,31.15999984741211,30.100000381469727,30.610000610351562,97832900
2020-03-24,153.5,155.66000366210938,152.0500030517578,153.39999389648438,20743500,129.10269193097017,133.97561110206192,128.54577344259414,133.90599060058594,2786700,216.38999938964844,224.3000030517578,214.8300018310547,223.75,13160800,117.04857287278134,121.97411044869314,116.42168958494548,121.92435455322266,10986900,24.93000030517578,26.06999969482422,23.790000915527344,25.149999618530273,127861300,234.4199981689453,244.10000610351562,233.8000030517578,243.14999389648438,235494500,235.51436915170646,244.81608900448788,234.50071601363095,244.34901428222656,12474400,18.709999084472656,19.959999084472656,18.579999923706055,19.850000381469727,158551100,179.91000366210938,183.8300018310547,177.9499969482422,183.66000366210938,94881800,32.61000061035156,32.970001220703125,32.349998474121094,32.90999984741211,84450500
2020-03-25,152.5800018310547,152.8800048828125,151.00999450683594,151.3000030517578,16457200,134.89999389648438,141.05999755859375,131.8800048828125,135.7899932861328,2960200,225.0,235.50999450683594,220.32000732421875,226.6199951171875,11876400,122.92936362870265,128.39222536348268,119.99394042372305,123.60600280761719,14428100,25.389999389648438,27.0,24.549999237060547,26.309999465942383,102594400,244.8699951171875,256.3500061035156,239.75,246.7899932861328,299430300,245.57000732421875,257.20001220703125,240.49000549316406,247.47000122070312,11938200,20.139999389648438,21.229999542236328,19.389999389648438,20.389999389648438,162949600,184.4199981689453,189.50999450683594,179.97999572753906,182.3000030517578,88754900,33.5099983215332,34.529998779296875,33.189998626708984,34.06999969482422,79588900
2020-03-26,153.30999755859375,154.80999755859375,152.0800018310547,153.24000549316406,12778200,137.0,144.52000427246094,137.0,143.9499969482422,1425100,229.27000427246094,241.44000244140625,228.85000610351562,240.24000549316406,12411100,124.83999633789062,131.6300048828125,124.66000366210938,131.11000061035156,10549100,26.690000534057617,27.209999084472656,25.219999313354492,25.850000381469727,47458000,249.52000427246094,262.79998779296875,249.0500030517578,261.20001220703125,257632800,250.3300018310547,263.6300048828125,249.89999389648438,262.3699951171875,15886800,20.65999984741211,21.81999969482422,20.6299991607666,21.670000076293945,129753900,183.8699951171875,192.72000122070312,183.61000061035156,191.89999389648438,79887600,34.36000061035156,35.45000076293945,34.279998779296875,35.36000061035156,89991500
2020-03-27,153.0,153.5500030517578,152.0,152.25,9824600,139.8300018310547,143.5800018310547,137.91000366210938,139.50999450683594,2306400,232.6999969482422,239.63999938964844,230.66000366210938,232.86000061035156,11170600,127.12000274658203,130.50999450683594,125.51000213623047,126.93000030517578,9731500,25.149999618530273,25.670000076293945,23.729999542236328,24.3700008392334,94471000,253.27000427246094,260.80999755859375,251.0500030517578,253.4199981689453,224341200,254.0,261.6300048828125,251.77999877929688,254.24000549316406,9514700,20.790000915527344,21.670000076293945,20.549999237060547,21.010000228881836,109305600,186.92999267578125,190.50999450683594,184.66000366210938,185.3000030517578,58845000,33.45000076293945,33.959999084472656,33.189998626708984,33.349998474121094,74103800
2020-03-30,152.41000366210938,153.0800018310547,151.57000732421875,152.9199981689453,12080900,140.61000061035156,144.19000244140625,139.35000610351562,143.77000427246094,2991100,234.9199981689453,241.10000610351562,232.97000122070312,240.38999938964844,8727800,127.77999877929688,131.1699981689453,126.63999938964844,130.77999877929688,10416300,24.389999389648438,25.329999923706055,23.139999389648438,23.93000030517578,63038600,255.6999969482422,262.42999267578125,253.52999877929688,261.6499938964844,171369500,256.5299987792969,263.20001220703125,254.3699951171875,262.3599853515625,9539800,21.040000915527344,21.530000686645508,20.600000381469727,21.40999984741211,67297200,187.10000610351562,192.49000549316406,186.33999633789062,192.0399932861328,49356900,33.470001220703125,33.93000030517578,33.220001220703125,33.900001525878906,47544900
2020-03-31,151.36000061035156,151.8000030517578,147.97000122070312,148.0500030517578,13319500,143.3699951171875,144.66000366210938,140.74000549316406,141.52999877929688,1957500,239.4499969482422,241.94000244140625,235.44000244140625,236.82000732421875,10386300,130.97000122070312,131.61000061035156,128.02000427246094,128.91000366210938,8662400,23.600000381469727,24.43000030517578,23.030000686645508,23.040000915527344,45113700,260.55999755859375,263.3299865722656,256.2200012207031,257.75,194881100,261.3999938964844,264.1000061035156,257.0,258.3999938964844,9561000,21.209999084472656,21.450000762939453,20.639999389648438,20.81999969482422,83819900,191.72000122070312,195.25,189.1999969482422,190.39999389648438,62659300,33.97999954223633,34.54999923706055,33.91999816894531,34.130001068115234,64131300
2020-04-01,148.1999969482422,150.0800018310547,147.85000610351562,149.4499969482422,11827400,136.41000366210938,138.07000732421875,133.97999572753906,135.3000030517578,1149500,227.9199981689453,231.0500030517578,224.1300048828125,226.14999389648438,13710100,124.12999725341797,125.62000274658203,121.7699966430664,122.95999908447266,7911500,23.0,24.260000228881836,23.0,24.030000686645508,33900200,247.97999572753906,257.6600036621094,243.89999389648438,246.14999389648438,189554600,248.75999450683594,252.22000122070312,244.6199951171875,246.8000030517578,13680800,19.719999313354492,19.940000534057617,19.3700008392334,19.549999237060547,79185000,184.77000427246094,187.66000366210938,180.86000061035156,182.30999755859375,53715400,33.099998474121094,33.33000183105469,32.619998931884766,32.66999816894531,65580600
2020-04-02,151.1999969482422,152.5,150.6999969482422,151.89999389648438,9188300,134.5800018310547,138.67999267578125,134.3699951171875,138.10000610351562,2266200,225.3300018310547,232.17999267578125,224.72000122070312,231.44000244140625,6547000,122.37999725341797,126.12999725341797,122.0199966430664,125.5199966430664,6244300,24.59000015258789,25.719999313354492,24.3700008392334,25.040000915527344,39859300,245.19000244140625,252.67999267578125,244.58999633789062,251.8300018310547,177660400,245.9199981689453,253.47000122070312,245.44000244140625,252.58999633789062,7510800,19.43000030517578,20.200000762939453,19.360000610351562,20.040000915527344,68398300,181.24000549316406,190.10000610351562,180.97000122070312,186.00999450683594,56465300,33.290000915527344,33.939998626708984,33.20000076293945,33.77000045776367,55784000
2020-04-03,152.22999572753906,153.08999633789062,151.66000366210938,152.64999389648438,8469100,137.61000061035156,138.8000030517578,134.38999938964844,135.9600067138672,1372000,230.42999267578125,232.7100067138672,225.33999633789062,228.02000427246094,5490200,124.8499984741211,126.04000091552734,121.86000061035156,123.37999725341797,6584400,25.15999984741211,25.8799991607666,24.739999771118164,24.950000762939453,33775700,250.75999450683594,253.32000732421875,245.22000122070312,248.19000244140625,135561200,251.49000549316406,254.0500030517578,246.0,249.02000427246094,6419000,19.850000381469727,20.139999389648438,19.360000610351562,19.639999389648438,68418100,185.5500030517578,187.07000732421875,181.2899932861328,183.3699951171875,47487600,33.689998626708984,33.86000061035156,32.95000076293945,33.130001068115234,68672500
2020-04-06,154.16000366210938,157.22000122070312,153.9600067138672,156.8800048828125,14739300,141.27999877929688,146.25,140.74000549316406,145.3000030517578,1970200,236.9600067138672,245.3000030517578,235.92999267578125,243.52999877929688,7624000,128.42999267578125,132.8000030517578,127.77999877929688,132.00999450683594,9369400,26.010000228881836,26.700000762939453,25.540000915527344,26.34000015258789,62383700,257.8399963378906,267.0,248.1699981689453,264.8599853515625,188061200,258.6300048828125,267.80999755859375,257.5400085449219,265.79998779296875,9644800,20.6200008392334,21.219999313354492,20.469999313354492,21.049999237060547,69015100,190.47999572753906,197.64999389648438,189.19000244140625,196.47999572753906,64763500,34.439998626708984,34.95000076293945,34.29999923706055,34.939998626708984,82394800
2020-04-07,155.3300018310547,156.13999938964844,154.3800048828125,156.0399932861328,9195400,150.6300048828125,150.85000610351562,145.3300018310547,145.47000122070312,1438000,251.9199981689453,252.8000030517578,243.4600067138672,243.66000366210938,12936600,137.02000427246094,137.27999877929688,132.0800018310547,132.16000366210938,10469900,26.610000610351562,26.760000228881836,25.780000686645508,26.09000015258789,31203200,274.2099914550781,275.0299987792969,264.8900146484375,265.1300048828125,201427200,275.07000732421875,276.0,265.70001220703125,265.9100036621094,11723100,22.200000762939453,22.219999313354492,21.25,21.260000228881836,70950900,202.3699951171875,202.66000366210938,196.0,196.39999389648438,69904500,36.09000015258789,36.119998931884766,35.04999923706055,35.119998931884766,74322600
2020-04-08,155.91000366210938,155.94000244140625,154.58999633789062,154.64999389648438,7600800,147.22000122070312,151.24000549316406,145.75,150.63999938964844,1628300,246.24000549316406,253.0500030517578,244.0500030517578,251.92999267578125,6958600,133.72999572753906,137.4499969482422,132.4199981689453,136.8000030517578,6610400,26.170000076293945,26.530000686645508,25.829999923706055,26.200000762939453,17480200,267.9599914550781,276.0,265.25,274.0299987792969,153774500,268.75,276.25,266.3999938964844,275.0,5987700,21.579999923706055,22.329999923706055,21.34000015258789,22.190000534057617,80003400,198.14999389648438,201.1699981689453,196.1699981689453,200.57000732421875,45940400,35.209999084472656,35.56999969482422,34.939998626708984,35.47999954223633,47112900
2020-04-09,158.0800018310547,159.0800018310547,157.2100067138672,158.69000244140625,18123000,152.69000244140625,154.6199951171875,151.5,152.9600067138672,1390200,255.1199951171875,258.3900146484375,253.13999938964844,255.6699981689453,8812600,138.9199981689453,140.77999877929688,137.80999755859375,139.36000061035156,9315700,27.200000762939453,28.969999313354492,27.09000015258789,28.950000762939453,68549100,277.5799865722656,281.20001220703125,275.4700012207031,278.20001220703125,190282700,278.6499938964844,282.07000732421875,276.3500061035156,279.1199951171875,11462100,22.770000457763672,23.65999984741211,22.729999542236328,23.3799991607666,147892900,202.35000610351562,203.22000122070312,199.02999877929688,200.86000061035156,68323900,35.86000061035156,36.09000015258789,35.2599983215332,35.349998474121094,67239300
2020-04-13,159.1699981689453,162.3800048828125,158.6300048828125,161.41000366210938,20549200,152.3300018310547,152.69000244140625,149.13999938964844,151.35000610351562,1483100,254.63999938964844,254.9499969482422,249.3800048828125,253.19000244140625,7666400,138.75,140.05999755859375,135.6300048828125,137.6999969482422,7291600,28.649999618530273,31.06999969482422,27.90999984741211,30.780000686645508,59888600,277.1400146484375,277.510009765625,271.4100036621094,275.6600036621094,114839100,278.0,278.30999755859375,272.2900085449219,276.44000244140625,7569700,23.309999465942383,23.329999923706055,22.329999923706055,22.530000686645508,66236300,200.0,203.4199981689453,198.75,203.02999877929688,42853900,35.34000015258789,35.45000076293945,35.0,35.400001525878906,38193400
2020-04-14,162.72999572753906,164.4199981689453,161.77999877929688,162.67999267578125,17095100,154.47999572753906,156.49000549316406,153.97999572753906,156.07000732421875,1179600,258.239990234375,261.6300048828125,257.2099914550781,260.9200134277344,6631100,140.58999633789062,142.2100067138672,139.97000122070312,141.8800048828125,5609300,31.1200008392334,32.27000045776367,30.030000686645508,30.75,59359900,280.9800109863281,284.8999938964844,275.510009765625,283.7900085449219,134143400,281.8699951171875,285.79998779296875,280.79998779296875,284.8299865722656,8106500,23.06999969482422,23.139999389648438,22.209999084472656,22.6299991607666,96169000,207.22999572753906,212.5,206.4199981689453,211.86000061035156,63959600,36.209999084472656,36.47999954223633,36.0099983215332,36.209999084472656,52817400
2020-04-15,161.8000030517578,162.5399932861328,160.80999755859375,161.85000610351562,12141900,153.19000244140625,153.5500030517578,151.33999633789062,152.6699981689453,1995000,255.0800018310547,256.8999938964844,253.11000061035156,255.24000549316406,4888900,138.74000549316406,139.49000549316406,137.42999267578125,138.5500030517578,5164100,29.65999984741211,30.850000381469727,29.3700008392334,30.149999618530273,31917300,277.57000732421875,283.94000244140625,275.4599914550781,277.760009765625,121775000,278.44000244140625,280.4599914550781,276.30999755859375,278.57000732421875,6012100,21.729999542236328,21.860000610351562,21.540000915527344,21.649999618530273,63482000,208.47999572753906,211.8300018310547,207.1199951171875,209.42999267578125,47036000,35.349998474121094,35.459999084472656,35.119998931884766,35.279998779296875,60775200
2020-04-16,161.8800048828125,163.14999389648438,160.64999389648438,161.7100067138672,9233200,153.44000244140625,153.8000030517578,151.50999450683594,153.32000732421875,752500,256.510009765625,257.29998779296875,253.39999389648438,256.5299987792969,6165700,139.27000427246094,139.5500030517578,137.42999267578125,139.1999969482422,5301200,30.420000076293945,31.1299991607666,30.040000915527344,30.920000076293945,37982800,279.1499938964844,280.0299987792969,275.760009765625,279.1000061035156,131798300,280.0199890136719,280.8999938964844,276.6199951171875,280.04998779296875,6360000,21.600000381469727,21.639999389648438,21.059999465942383,21.270000457763672,68907600,211.69000244140625,214.3699951171875,209.69000244140625,213.25,64657400,35.779998779296875,35.81999969482422,35.349998474121094,35.470001220703125,37215100
2020-04-17,159.72000122070312,160.07000732421875,158.1199951171875,158.57000732421875,14652700,156.86000061035156,157.9600067138672,155.30999755859375,157.67999267578125,742500,262.30999755859375,264.0,259.5,263.6099853515625,6738800,142.7100067138672,143.47999572753906,141.0800018310547,143.13999938964844,6411200,29.760000228881836,30.420000076293945,29.670000076293945,29.940000534057617,29249500,285.3800048828125,287.29998779296875,282.3999938964844,286.6400146484375,146684800,286.2900085449219,288.2200012207031,283.30999755859375,287.5799865722656,7982800,22.100000381469727,22.520000457763672,21.920000076293945,22.389999389648438,88698600,216.1699981689453,216.50999450683594,212.0800018310547,215.2899932861328,62863200,36.43000030517578,36.47999954223633,36.0,36.2599983215332,40870300
2020-04-20,158.6199951171875,160.22000122070312,158.4600067138672,159.6999969482422,10688700,155.38999938964844,157.4199981689453,154.6999969482422,154.85000610351562,1170600,259.6499938964844,263.1000061035156,258.5799865722656,258.8599853515625,6498700,141.0,143.0500030517578,140.50999450683594,140.82000732421875,5414000,29.979999542236328,31.1299991607666,29.979999542236328,30.739999771118164,25488800,282.6099853515625,286.7900085449219,281.3500061035156,281.5899963378906,100109300,283.510009765625,287.2099914550781,282.260009765625,282.4599914550781,5692100,21.950000762939453,22.360000610351562,21.75,22.0,59063100,213.36000061035156,215.8800048828125,212.57000732421875,212.74000549316406,38249100,35.880001068115234,36.2400016784668,35.72999954223633,35.79999923706055,44402700
2020-04-21,157.60000610351562,159.2100067138672,157.0399932861328,158.61000061035156,12478100,152.42999267578125,152.99000549316406,149.60000610351562,150.19000244140625,1345100,254.25,255.49000549316406,250.0,250.9499969482422,6526100,138.10000610351562,138.97999572753906,135.8699951171875,136.4499969482422,6367500,29.68000030517578,30.8700008392334,29.549999237060547,30.559999465942383,22464500,276.7300109863281,278.0400085449219,272.0199890136719,273.0400085449219,126385700,277.6099853515625,278.9100036621094,272.9200134277344,273.8599853515625,8689400,21.329999923706055,21.709999084472656,21.209999084472656,21.290000915527344,71957900,210.60000610351562,211.16000366210938,203.6300048828125,204.88999938964844,72932800,34.97999954223633,35.18000030517578,34.7400016784668,34.810001373291016,46166600
2020-04-22,160.5,161.74000549316406,160.4199981689453,161.72999572753906,12937100,153.22999572753906,154.3699951171875,152.33999633789062,153.4199981689453,538700,255.8300018310547,258.2300109863281,254.47999572753906,256.4700012207031,5634200,139.25999450683594,140.3000030517578,138.36000061035156,139.52999877929688,6342900,31.540000915527344,32.63999938964844,31.5,32.5099983215332,40942600,278.3500061035156,281.0,276.9100036621094,279.1000061035156,93524600,279.19000244140625,281.92999267578125,277.79998779296875,280.05999755859375,7207100,21.729999542236328,21.790000915527344,21.469999313354492,21.520000457763672,47510300,209.10000610351562,212.35000610351562,208.3300018310547,210.97000122070312,40188800,35.779998779296875,35.869998931884766,35.689998626708984,35.7599983215332,37455800
2020-04-23,162.38999938964844,163.60000610351562,161.83999633789062,163.33999633789062,14928500,154.35000610351562,156.14999389648438,153.3800048828125,153.61000061035156,1107500,257.75,260.8999938964844,256.20001220703125,256.4200134277344,7665400,140.22000122070312,141.97999572753906,139.44000244140625,139.5500030517578,6198300,33.209999084472656,34.7400016784668,33.0099983215332,33.41999816894531,56325900,280.489990234375,283.94000244140625,278.75,279.0799865722656,104709700,281.3500061035156,284.80999755859375,279.6700134277344,279.9800109863281,7300700,21.579999923706055,21.860000610351562,21.399999618530273,21.43000030517578,71740200,211.7899932861328,214.44000244140625,210.10000610351562,210.52000427246094,43278500,36.040000915527344,36.290000915527344,35.61000061035156,35.630001068115234,40733100
2020-04-24,163.1300048828125,163.30999755859375,160.88999938964844,162.63999938964844,11203600,154.58999633789062,156.05999755859375,153.24000549316406,155.77999877929688,947500,258.0,260.70001220703125,255.94000244140625,260.1400146484375,4770200,140.5,141.97000122070312,139.25999450683594,141.6300048828125,4407500,34.02000045776367,34.310001373291016,32.959999084472656,33.93000030517578,40580400,280.7300109863281,283.70001220703125,278.5,282.9700012207031,85166000,281.6000061035156,284.5799865722656,279.3900146484375,283.8999938964844,5011900,21.65999984741211,21.829999923706055,21.329999923706055,21.739999771118164,33836700,210.97000122070312,214.3000030517578,209.5,213.83999633789062,34303400,35.689998626708984,35.7400016784668,35.25,35.58000183105469,30553700
2020-04-27,161.8800048828125,162.0,160.41000366210938,161.55999755859375,9033500,156.9199981689453,158.8000030517578,156.6300048828125,158.1999969482422,874800,262.010009765625,264.9100036621094,261.57000732421875,263.8999938964844,3892200,142.64999389648438,144.66000366210938,141.0,144.13999938964844,4968200,33.95000076293945,34.209999084472656,32.93000030517578,33.790000915527344,30455600,285.1199951171875,288.2699890136719,284.6199951171875,287.04998779296875,77896600,286.0299987792969,289.20001220703125,285.54998779296875,288.19000244140625,5334600,21.959999084472656,22.600000381469727,21.920000076293945,22.479999542236328,109435100,216.19000244140625,216.6300048828125,214.5,215.55999755859375,36451700,36.04999923706055,36.369998931884766,35.9900016784668,36.29999923706055,30617400
2020-04-28,160.88999938964844,160.97999572753906,159.16000366210938,160.83999633789062,10383000,160.5500030517578,160.5800018310547,157.39999389648438,157.6300048828125,1207700,267.4800109863281,267.7900085449219,262.29998779296875,262.67999267578125,5849500,146.1699981689453,146.47999572753906,143.3699951171875,143.69000244140625,3594500,33.5,33.97999954223633,32.97999954223633,33.810001373291016,31629700,291.0199890136719,291.3999938964844,285.3999938964844,285.7300109863281,105270000,291.989990234375,292.3599853515625,286.3500061035156,286.6400146484375,6904700,23.15999984741211,23.329999923706055,22.670000076293945,22.719999313354492,46452300,217.32000732421875,217.32000732421875,211.2100067138672,211.5,46862800,36.81999969482422,36.849998474121094,36.349998474121094,36.369998931884766,34463600
2020-04-29,160.10000610351562,161.85000610351562,159.75999450683594,161.72999572753906,12232300,160.77999877929688,162.8000030517578,160.27000427246094,161.8300018310547,610100,267.9800109863281,271.0,266.9100036621094,269.45001220703125,6773100,146.80999755859375,148.5399932861328,146.02999877929688,147.75999450683594,4990900,33.45000076293945,34.06999969482422,32.81999969482422,34.029998779296875,36914000,291.5299987792969,294.8800048828125,290.4100036621094,293.2099914550781,118745600,292.5,295.8399963378906,291.3800048828125,294.1300048828125,7104800,23.420000076293945,23.65999984741211,23.18000030517578,23.3799991607666,70064400,216.19000244140625,219.97000122070312,215.13999938964844,219.0,48716400,36.9900016784668,37.5,36.91999816894531,37.43000030517578,45483100
2020-04-30,160.22000122070312,160.82000732421875,158.1300048828125,158.8000030517578,13628100,161.0399932861328,161.32000732421875,159.35000610351562,160.2100067138672,1711900,268.0799865722656,268.5799865722656,265.2300109863281,267.1000061035156,7361000,146.77999877929688,147.0500030517578,145.1199951171875,145.83999633789062,4225600,33.18000030517578,33.84000015258789,32.150001525878906,32.2599983215332,52237400,291.7099914550781,293.32000732421875,288.5899963378906,290.4800109863281,121841200,292.6600036621094,293.17999267578125,289.5400085449219,291.1600036621094,11221500,22.90999984741211,23.15999984741211,22.68000030517578,22.790000915527344,56734900,220.00999450683594,220.0399932861328,217.35000610351562,218.91000366210938,42955500,37.2400016784668,37.36000061035156,36.400001525878906,36.63999938964844,59177700
2020-05-01,158.0,160.4499969482422,157.8000030517578,159.77999877929688,10914300,157.4199981689453,157.63999938964844,155.11000061035156,155.8699951171875,553600,262.1400146484375,262.8500061035156,258.739990234375,259.82000732421875,4790700,143.1199951171875,143.60000610351562,139.8000030517578,141.80999755859375,4232500,31.479999542236328,33.38999938964844,31.309999465942383,33.290000915527344,34003000,285.30999755859375,290.6600036621094,281.5199890136719,282.7900085449219,125180000,286.19000244140625,286.92999267578125,282.44000244140625,283.5299987792969,6341200,22.25,22.309999465942383,21.90999984741211,22.059999465942383,37534300,214.5,216.6699981689453,211.67999267578125,212.74000549316406,48795000,35.75,35.880001068115234,35.20000076293945,35.31999969482422,56829000
2020-05-04,160.3300018310547,160.9499969482422,159.91000366210938,160.33999633789062,7986200,154.77000427246094,156.5,153.83999633789062,156.47999572753906,642500,257.9200134277344,260.8999938964844,256.5299987792969,260.6400146484375,4128900,140.6699981689453,142.4499969482422,139.91000366210938,142.35000610351562,4741200,33.7599983215332,34.25,33.52000045776367,33.9900016784668,34391400,280.739990234375,283.8999938964844,279.1300048828125,283.57000732421875,80873200,281.54998779296875,284.8599853515625,280.1000061035156,284.6300048828125,4756600,21.770000457763672,21.889999389648438,21.440000534057617,21.860000610351562,50177200,211.4600067138672,215.4499969482422,211.1199951171875,215.22000122070312,32841000,35.459999084472656,35.7400016784668,35.31999969482422,35.70000076293945,37036200
2020-05-05,160.16000366210938,161.10000610351562,159.3300018310547,161.02000427246094,10563100,158.1999969482422,159.55999755859375,157.61000061035156,157.92999267578125,822800,263.45001220703125,265.80999755859375,262.6000061035156,263.0400085449219,4437200,144.0800018310547,145.33999633789062,143.4600067138672,143.6699981689453,3665900,33.90999984741211,34.90999984741211,33.369998931884766,34.790000915527344,30289700,286.6400146484375,289.25,283.7099914550781,286.19000244140625,79569900,287.5299987792969,290.20001220703125,286.6700134277344,287.1400146484375,5939700,22.15999984741211,22.280000686645508,21.790000915527344,21.790000915527344,65123000,217.44000244140625,220.13999938964844,216.85000610351562,217.66000366210938,37783100,36.060001373291016,36.2400016784668,35.86000061035156,35.900001525878906,41772700
2020-05-06,158.99000549316406,159.80999755859375,158.10000610351562,158.9499969482422,13352000,158.88999938964844,159.14999389648438,156.83999633789062,156.86000061035156,791700,264.7099914550781,265.1099853515625,261.1400146484375,261.2699890136719,3021400,144.61000061035156,144.8699951171875,142.6999969482422,142.8800048828125,3927300,34.150001525878906,34.5099983215332,33.619998931884766,33.70000076293945,29078400,288.0400085449219,288.4599914550781,283.7799987792969,284.25,73632600,289.0199890136719,289.3900146484375,285.05999755859375,285.25,3434800,21.989999771118164,22.049999237060547,21.299999237060547,21.31999969482422,63738400,219.39999389648438,221.0399932861328,218.11000061035156,219.0,36455200,36.119998931884766,36.15999984741211,35.77000045776367,35.790000915527344,36584500
2020-05-07,159.5,161.9600067138672,159.36000061035156,161.38999938964844,13691700,158.97000122070312,160.08999633789062,158.69000244140625,158.9199981689453,737300,264.45001220703125,266.29998779296875,263.8999938964844,264.3599853515625,3410200,144.6999969482422,145.75999450683594,144.39999389648438,144.75,3796300,34.09000015258789,35.4900016784668,33.880001068115234,35.029998779296875,35053600,287.75,289.7799987792969,287.1300048828125,287.67999267578125,75250400,288.70001220703125,290.70001220703125,288.0899963378906,288.6300048828125,3779000,21.600000381469727,22.18000030517578,21.600000381469727,21.81999969482422,61339000,221.82000732421875,222.72999572753906,220.4199981689453,221.82000732421875,38624800,36.130001068115234,36.2400016784668,35.90999984741211,36.08000183105469,36883300
2020-05-08,161.0800018310547,162.0,160.0,160.4199981689453,12244600,160.86000061035156,161.99000549316406,160.27999877929688,161.75999450683594,1316600,267.5299987792969,269.1400146484375,266.3800048828125,268.7799987792969,3207000,146.4499969482422,147.6300048828125,145.8800048828125,147.47000122070312,4251200,34.9900016784668,35.560001373291016,34.58000183105469,34.86000061035156,28619300,291.0899963378906,292.95001220703125,289.8599853515625,292.44000244140625,76622100,292.05999755859375,293.8699951171875,290.80999755859375,293.4599914550781,4342000,22.239999771118164,22.31999969482422,22.010000228881836,22.290000915527344,42240700,223.6199951171875,225.0,222.47999572753906,224.86000061035156,31964400,36.540000915527344,36.95000076293945,36.5099983215332,36.84000015258789,60613600
2020-05-11,160.33999633789062,160.7100067138672,158.88999938964844,159.4199981689453,11207400,160.52999877929688,162.6199951171875,160.25999450683594,161.88999938964844,891200,266.7799987792969,270.20001220703125,266.42999267578125,268.82000732421875,3463500,146.22000122070312,148.2100067138672,146.02999877929688,147.49000549316406,4240200,34.91999816894531,35.04999923706055,33.54999923706055,33.88999938964844,28710000,290.3399963378906,294.0,289.8800048828125,292.5,79030200,291.2099914550781,294.989990234375,290.8699951171875,293.45001220703125,6115200,21.979999542236328,22.049999237060547,21.739999771118164,21.860000610351562,54981700,223.49000549316406,227.92999267578125,223.25,226.8699951171875,35490000,36.619998931884766,36.84000015258789,36.560001373291016,36.599998474121094,31050600
2020-05-12,160.3000030517578,160.9499969482422,159.72000122070312,160.0399932861328,10406000,162.55999755859375,162.74000549316406,158.33999633789062,158.33999633789062,1271000,269.9800109863281,270.3999938964844,263.3299865722656,263.4100036621094,5159900,148.0800018310547,148.30999755859375,144.1999969482422,144.35000610351562,4864400,34.34000015258789,34.95000076293945,33.689998626708984,33.84000015258789,20999600,293.7900085449219,294.239990234375,286.5199890136719,286.6700134277344,95870800,294.7300109863281,295.1700134277344,287.4599914550781,287.4700012207031,4748800,21.950000762939453,22.030000686645508,21.270000457763672,21.290000915527344,62202700,227.49000549316406,228.10000610351562,222.08999633789062,222.1199951171875,41054100,36.900001525878906,37.15999984741211,36.45000076293945,36.459999084472656,49641400
2020-05-13,160.94000244140625,161.6199951171875,160.5399932861328,161.5800018310547,10950400,158.19000244140625,158.61000061035156,153.97000122070312,155.4199981689453,677300,262.8699951171875,263.8999938964844,256.3599853515625,258.739990234375,5617500,143.89999389648438,144.30999755859375,140.02000427246094,141.4499969482422,5862100,34.34000015258789,34.689998626708984,33.41999816894531,34.08000183105469,33290200,286.05999755859375,287.19000244140625,278.9599914550781,281.6000061035156,144721100,286.9599914550781,288.1199951171875,279.8699951171875,282.5400085449219,8599000,21.110000610351562,21.139999389648438,20.5,20.65999984741211,86848300,222.66000366210938,224.61000061035156,216.7100067138672,219.33999633789062,65521200,36.869998931884766,36.95000076293945,36.150001525878906,36.38999938964844,55002900
2020-05-14,161.52999877929688,163.33999633789062,161.50999450683594,163.00999450683594,17084400,153.8699951171875,157.44000244140625,152.39999389648438,157.44000244140625,1078300,256.3299865722656,262.0,253.97000122070312,261.8599853515625,7737600,139.85000610351562,143.08999633789062,138.3699951171875,142.97000122070312,7561000,34.060001373291016,35.45000076293945,34.0,35.15999984741211,33736200,278.95001220703125,285.1099853515625,272.989990234375,284.9700012207031,121977900,279.8399963378906,286.0199890136719,275.0,285.9200134277344,8721000,20.299999237060547,21.209999084472656,20.09000015258789,21.190000534057617,103763100,217.97000122070312,221.8699951171875,215.99000549316406,221.8300018310547,51549300,35.689998626708984,36.59000015258789,35.560001373291016,36.529998779296875,58633700
2020-05-15,164.02000427246094,164.8000030517578,163.0800018310547,163.92999267578125,13918800,155.92999267578125,158.13999938964844,155.35000610351562,158.13999938964844,431300,259.5400085449219,263.1099853515625,258.55999755859375,263.0400085449219,3385900,141.77000427246094,143.86000061035156,141.19000244140625,143.8300018310547,3845600,35.959999084472656,36.68000030517578,35.61000061035156,36.56999969482422,38465800,282.3699951171875,286.3299865722656,281.3399963378906,286.2799987792969,111146300,283.3399963378906,287.2300109863281,282.25,287.1600036621094,7109700,20.989999771118164,21.229999542236328,20.799999237060547,21.049999237060547,70285000,218.77999877929688,223.3300018310547,218.3300018310547,223.27000427246094,55747200,35.959999084472656,36.20000076293945,35.84000015258789,36.029998779296875,40402000
2020-05-18,164.3300018310547,164.5,162.41000366210938,162.69000244140625,14137900,161.97999572753906,164.0,161.9499969482422,162.9600067138672,1417000,269.32000732421875,272.70001220703125,269.05999755859375,271.0799865722656,6769200,147.52999877929688,149.41000366210938,147.25,148.60000610351562,4558800,37.150001525878906,37.20000076293945,35.720001220703125,35.93000030517578,33168700,293.04998779296875,296.75,292.70001220703125,295.0,120320200,294.0899963378906,297.70001220703125,293.69000244140625,296.0400085449219,6021000,21.829999923706055,22.299999237060547,21.68000030517578,22.1299991607666,79563600,226.3300018310547,228.67999267578125,225.47000122070312,227.42999267578125,42597600,36.91999816894531,37.52000045776367,36.90999984741211,37.439998626708984,47488200
2020-05-19,163.60000610351562,164.42999267578125,163.0399932861328,164.25999450683594,8535800,162.8300018310547,163.8300018310547,161.42999267578125,161.42999267578125,608500,270.6099853515625,272.25,268.3399963378906,268.5199890136719,4921100,148.36000061035156,149.3000030517578,147.02000427246094,147.02000427246094,3180900,36.5099983215332,37.4900016784668,36.380001068115234,37.209999084472656,36737200,294.3500061035156,296.2099914550781,291.95001220703125,291.9700012207031,95189300,295.3399963378906,297.1700134277344,292.9200134277344,292.989990234375,5323900,22.0,22.110000610351562,21.579999923706055,21.59000015258789,56673200,227.6999969482422,229.85000610351562,226.7100067138672,226.86000061035156,36237300,37.380001068115234,37.560001373291016,37.119998931884766,37.13999938964844,36152600
2020-05-20,164.5399932861328,164.9600067138672,163.88999938964844,164.64999389648438,10666100,163.8000030517578,164.77999877929688,163.49000549316406,164.22999572753906,537500,271.9200134277344,273.7900085449219,271.69000244140625,272.8999938964844,4896200,149.1699981689453,150.19000244140625,148.91000366210938,149.74000549316406,3894000,37.36000061035156,37.4900016784668,36.45000076293945,36.61000061035156,30058100,295.82000732421875,297.8699951171875,295.57000732421875,296.92999267578125,85861700,296.80999755859375,298.8699951171875,296.6000061035156,297.989990234375,3890100,21.950000762939453,22.200000762939453,21.93000030517578,22.06999969482422,50402600,229.5,231.75999450683594,229.47999572753906,231.38999938964844,37417000,37.72999954223633,37.90999984741211,37.41999816894531,37.630001068115234,43140300
2020-05-21,163.4600067138672,163.5800018310547,161.3699951171875,162.25,11791000,164.17999267578125,164.72000122070312,162.50999450683594,163.1300048828125,264300,272.79998779296875,273.5899963378906,269.95001220703125,270.94000244140625,3581300,149.60000610351562,150.1300048828125,148.02000427246094,148.83999633789062,3419200,36.08000183105469,36.220001220703125,34.7599983215332,35.65999984741211,33179400,296.7900085449219,297.6700134277344,293.69000244140625,294.8800048828125,78293900,297.7900085449219,298.6600036621094,294.69000244140625,295.80999755859375,3865500,22.0,22.209999084472656,21.8799991607666,22.0,49939900,231.44000244140625,232.13999938964844,228.33999633789062,228.8699951171875,43642900,37.400001525878906,37.529998779296875,37.02000045776367,37.20000076293945,42845500
2020-05-22,162.8800048828125,163.47000122070312,162.74000549316406,163.2100067138672,8540900,163.35000610351562,163.72000122070312,162.41000366210938,163.5399932861328,1214400,270.760009765625,271.7200012207031,269.5,271.54998779296875,2296400,148.75999450683594,149.27999877929688,147.97000122070312,149.25999450683594,3003000,35.97999954223633,36.439998626708984,35.470001220703125,35.54999923706055,17987000,294.57000732421875,295.6300048828125,293.2200012207031,295.44000244140625,63958200,295.5199890136719,296.6199951171875,294.2099914550781,296.4100036621094,3699100,21.989999771118164,22.020000457763672,21.700000762939453,21.920000076293945,37584500,228.4499969482422,229.8699951171875,227.5,229.66000366210938,28762400,36.619998931884766,36.619998931884766,36.310001373291016,36.43000030517578,47355000
2020-05-26,162.5800018310547,162.5800018310547,160.69000244140625,160.88999938964844,13972000,167.27000427246094,167.33999633789062,165.5500030517578,165.83999633789062,905100,277.5299987792969,277.739990234375,274.54998779296875,275.0400085449219,4911800,152.83999633789062,152.88999938964844,151.11000061035156,151.33999633789062,4197500,35.380001068115234,35.380001068115234,33.95000076293945,34.08000183105469,36174200,301.92999267578125,302.19000244140625,295.4599914550781,299.0799865722656,88951400,302.989990234375,303.20001220703125,299.7099914550781,300.1700134277344,7299600,22.75,23.299999237060547,22.729999542236328,23.059999465942383,108349200,233.36000061035156,233.57000732421875,228.7899932861328,229.0399932861328,33055300,37.58000183105469,37.72999954223633,37.189998626708984,37.22999954223633,54511200
2020-05-27,159.4199981689453,161.33999633789062,159.1999969482422,161.17999267578125,13063500,167.57000732421875,168.2899932861328,164.42999267578125,168.2899932861328,738800,277.7799987792969,279.04998779296875,272.8599853515625,279.04998779296875,5152400,153.0,153.72999572753906,150.02000427246094,153.72999572753906,5077700,33.09000015258789,33.7599983215332,32.540000915527344,33.709999084472656,43849100,302.1199951171875,303.57000732421875,296.8699951171875,303.5299987792969,104817400,303.1600036621094,304.6099853515625,297.9100036621094,304.54998779296875,6809200,24.09000015258789,24.100000381469727,23.540000915527344,24.059999465942383,121521200,228.69000244140625,230.41000366210938,223.94000244140625,230.2899932861328,55665600,37.400001525878906,37.43000030517578,36.90999984741211,37.349998474121094,47182400
2020-05-28,162.1199951171875,162.4600067138672,160.89999389648438,161.72000122070312,9758500,168.99000549316406,170.02000427246094,167.4600067138672,167.8000030517578,677600,280.0299987792969,282.0400085449219,277.80999755859375,278.5,4630600,154.41000366210938,155.19000244140625,152.72999572753906,153.1999969482422,4601500,34.38999938964844,34.68000030517578,33.560001373291016,34.0,29917600,304.6499938964844,306.8399963378906,302.239990234375,302.9700012207031,90405200,305.82000732421875,307.9100036621094,303.29998779296875,303.95001220703125,5877200,24.329999923706055,24.34000015258789,23.610000610351562,23.68000030517578,101590100,229.11000061035156,233.47000122070312,229.0500030517578,229.99000549316406,42784300,37.470001220703125,37.650001525878906,37.06999969482422,37.09000015258789,53388700
2020-05-29,162.5800018310547,163.39999389648438,162.32000732421875,162.91000366210938,12581800,167.49000549316406,169.0,166.13999938964844,168.47000122070312,2404300,278.0299987792969,280.3500061035156,275.3599853515625,279.75,7049300,152.8000030517578,154.1300048828125,151.41000366210938,153.7100067138672,4776100,34.66999816894531,34.869998931884766,34.11000061035156,34.31999969482422,32726200,302.4599914550781,304.9599914550781,299.4700012207031,304.32000732421875,119090800,303.4700012207031,305.989990234375,300.5799865722656,305.17999267578125,7085400,23.399999618530273,23.6200008392334,23.170000076293945,23.40999984741211,86969000,230.3800048828125,233.60000610351562,228.75999450683594,233.36000061035156,50691800,37.349998474121094,37.79999923706055,37.09000015258789,37.72999954223633,63616700
